[
	{
		"categoryId":"1",
		"name":"サンプル",
		"items":[
			{
				"menuId":"1",
				"imageUrl":"",
				"name":"サンプル",
				"description":"サンプル",
				"price":"1,000円"
			},{
				"menuId":"2",
				"imageUrl":"",
				"name":"サンプル",
				"description":"サンプル",
				"price":"1,000円"
			}
		]
	},{
		"categoryId":"2",
		"name":"サンプル",
		"items":[
			{
				"menuId":"3",
				"imageUrl":"",
				"name":"サンプル",
				"description":"サンプル",
				"price":"1,000円"
			},{
				"menuId":"4",
				"imageUrl":"",
				"name":"サンプル",
				"description":"サンプル",
				"price":"1,000円"
			}
		]
	}
]